id;dateDebut;dateFin;formation;capacite
1;2017-03-23;2017-04-05;1;6
2;2017-06-14;2017-06-27;1;6
3;2017-07-19;2017-08-01;1;6
4;2017-10-24;2017-11-06;1;6
5;2018-01-26;2018-02-08;1;6
6;2018-04-20;2018-05-03;1;6
7;2018-07-13;2018-07-26;1;6
8;2017-02-07;2017-02-18;2;6
9;2017-04-21;2017-05-02;2;6
10;2017-06-05;2017-06-16;2;6
11;2017-07-23;2017-08-03;2;6
12;2017-09-11;2017-09-22;2;6
13;2017-12-19;2017-12-30;2;6
14;2018-01-20;2018-01-31;2;6
15;2017-03-15;2017-03-29;3;10
16;2017-06-05;2017-06-19;3;10
17;2017-07-15;2017-07-29;3;10
18;2017-02-08;2017-02-20;4;12
19;2017-05-07;2017-05-19;4;12
20;2017-06-20;2017-07-02;4;12
21;2017-08-02;2017-08-14;4;12
22;2017-11-09;2017-11-21;4;12
23;2018-01-07;2018-01-19;4;12
24;2018-04-05;2018-04-17;4;12
25;2017-02-19;2017-03-01;5;11
26;2017-03-22;2017-04-01;5;11
27;2017-02-01;2017-02-13;6;8
28;2017-04-14;2017-04-26;6;8
29;2017-07-23;2017-08-04;6;8
30;2017-11-01;2017-11-13;6;8
31;2017-12-05;2017-12-17;6;8
32;2018-02-12;2018-02-24;6;8
33;2018-05-03;2018-05-15;6;8
34;2018-07-17;2018-07-29;6;8
35;2017-02-22;2017-02-26;7;8
36;2017-05-12;2017-05-16;7;8
37;2017-07-14;2017-07-18;7;8
38;2017-08-17;2017-08-21;7;8
39;2017-10-24;2017-10-28;7;8
40;2017-11-19;2017-11-23;7;8
41;2018-01-21;2018-01-25;7;8
42;2018-04-25;2018-04-29;7;8
43;2018-05-26;2018-05-30;7;8
44;2018-08-07;2018-08-11;7;8
45;2017-02-15;2017-02-27;8;11
46;2017-04-28;2017-05-10;8;11
47;2017-07-11;2017-07-23;8;11
48;2017-08-29;2017-09-10;8;11
49;2017-10-28;2017-11-09;8;11
50;2017-12-31;2018-01-12;8;11
51;2018-04-05;2018-04-17;8;11
52;2018-07-10;2018-07-22;8;11
53;2017-03-09;2017-03-23;9;12
54;2017-05-11;2017-05-25;9;12
55;2017-06-30;2017-07-14;9;12
56;2017-08-17;2017-08-31;9;12
57;2017-11-07;2017-11-21;9;12
58;2017-12-19;2018-01-02;9;12
59;2018-03-17;2018-03-31;9;12
60;2017-03-06;2017-03-20;10;11
61;2017-05-27;2017-06-10;10;11
62;2017-08-11;2017-08-25;10;11
63;2017-11-12;2017-11-26;10;11
64;2017-03-30;2017-04-10;11;10
65;2017-05-10;2017-05-21;11;10
66;2017-07-25;2017-08-05;11;10
67;2017-09-23;2017-10-04;11;10
68;2017-12-26;2018-01-06;11;10
69;2018-02-06;2018-02-17;11;10
70;2018-03-29;2018-04-09;11;10
71;2018-06-20;2018-07-01;11;10
72;2018-07-31;2018-08-11;11;10
73;2017-03-19;2017-03-26;12;10
74;2017-06-02;2017-06-09;12;10
75;2017-07-19;2017-07-26;12;10
76;2017-08-29;2017-09-05;12;10
77;2017-09-28;2017-10-05;12;10
78;2017-11-10;2017-11-17;12;10
79;2017-12-15;2017-12-22;12;10
80;2018-01-28;2018-02-04;12;10
81;2017-03-15;2017-03-20;13;8
82;2017-05-08;2017-05-13;13;8
83;2017-07-11;2017-07-16;13;8
84;2017-10-12;2017-10-17;13;8
85;2017-12-11;2017-12-16;13;8
86;2017-03-29;2017-04-05;14;12
87;2017-07-02;2017-07-09;14;12
88;2017-08-23;2017-08-30;14;12
89;2017-11-25;2017-12-02;14;12
90;2018-01-16;2018-01-23;14;12
91;2018-02-20;2018-02-27;14;12
92;2018-03-25;2018-04-01;14;12
93;2018-06-29;2018-07-06;14;12
94;2018-09-05;2018-09-12;14;12
95;2018-11-07;2018-11-14;14;12
96;2017-03-01;2017-03-15;15;6
97;2017-04-09;2017-04-23;15;6
98;2017-06-29;2017-07-13;15;6
99;2017-09-26;2017-10-10;15;6
100;2017-11-04;2017-11-18;15;6
101;2018-01-08;2018-01-22;15;6
102;2018-02-23;2018-03-09;15;6
103;2018-05-11;2018-05-25;15;6
104;2018-07-01;2018-07-15;15;6
105;2017-03-20;2017-04-01;16;6
106;2017-04-28;2017-05-10;16;6
107;2017-07-03;2017-07-15;16;6
108;2017-08-17;2017-08-29;16;6
109;2017-10-13;2017-10-25;16;6
110;2017-12-02;2017-12-14;16;6
111;2018-01-20;2018-02-01;16;6
112;2018-04-03;2018-04-15;16;6
113;2018-06-27;2018-07-09;16;6
114;2017-03-15;2017-03-28;17;11
115;2017-06-13;2017-06-26;17;11
116;2017-09-16;2017-09-29;17;11
117;2017-10-21;2017-11-03;17;11
118;2017-03-04;2017-03-17;18;11
119;2017-05-22;2017-06-04;18;11
120;2017-07-17;2017-07-30;18;11
121;2017-09-06;2017-09-19;18;11
122;2017-11-07;2017-11-20;18;11
123;2017-03-05;2017-03-19;19;10
124;2017-04-20;2017-05-04;19;10
125;2017-07-15;2017-07-29;19;10
126;2017-09-30;2017-10-14;19;10
127;2017-12-28;2018-01-11;19;10
128;2018-04-02;2018-04-16;19;10
129;2017-03-30;2017-04-02;20;6
130;2017-06-08;2017-06-11;20;6
131;2017-09-07;2017-09-10;20;6
132;2017-10-20;2017-10-23;20;6
133;2017-11-14;2017-11-17;20;6
134;2018-01-19;2018-01-22;20;6
135;2018-04-21;2018-04-24;20;6
136;2018-06-15;2018-06-18;20;6
137;2018-09-01;2018-09-04;20;6
138;2017-01-22;2017-01-30;21;10
139;2017-03-17;2017-03-25;21;10
140;2017-06-02;2017-06-10;21;10
141;2017-07-20;2017-07-28;21;10
142;2017-10-12;2017-10-20;21;10
143;2017-12-28;2018-01-05;21;10
144;2017-02-11;2017-02-21;22;9
145;2017-04-29;2017-05-09;22;9
146;2017-05-31;2017-06-10;22;9
147;2017-03-15;2017-03-19;23;8
148;2017-04-27;2017-05-01;23;8
149;2017-06-09;2017-06-13;23;8
150;2017-09-07;2017-09-11;23;8
151;2017-12-04;2017-12-08;23;8
152;2017-03-29;2017-04-02;24;10
153;2017-05-24;2017-05-28;24;10
154;2017-06-25;2017-06-29;24;10
155;2017-08-22;2017-08-26;24;10
156;2017-10-06;2017-10-10;24;10
157;2017-11-03;2017-11-07;24;10
158;2018-01-25;2018-01-29;24;10
159;2018-04-13;2018-04-17;24;10
160;2018-07-15;2018-07-19;24;10
161;2017-02-19;2017-02-28;25;10
162;2017-05-17;2017-05-26;25;10
163;2017-08-21;2017-08-30;25;10
164;2017-10-22;2017-10-31;25;10
165;2018-01-15;2018-01-24;25;10
166;2018-04-20;2018-04-29;25;10
167;2018-07-08;2018-07-17;25;10
168;2018-08-18;2018-08-27;25;10
169;2018-10-28;2018-11-06;25;10
170;2017-02-24;2017-03-05;26;7
171;2017-04-15;2017-04-24;26;7
172;2017-03-22;2017-04-02;27;9
173;2017-06-06;2017-06-17;27;9
174;2017-08-20;2017-08-31;27;9
175;2017-01-24;2017-02-02;28;9
176;2017-04-11;2017-04-20;28;9
177;2017-05-11;2017-05-20;28;9
178;2017-08-12;2017-08-21;28;9
179;2017-09-14;2017-09-23;28;9
180;2017-11-01;2017-11-10;28;9
181;2018-02-07;2018-02-16;28;9
182;2018-04-08;2018-04-17;28;9
183;2018-07-06;2018-07-15;28;9
184;2017-03-07;2017-03-09;29;7
185;2017-04-19;2017-04-21;29;7
186;2017-07-12;2017-07-14;29;7
187;2017-08-13;2017-08-15;29;7
188;2017-01-26;2017-02-01;30;12
189;2017-03-22;2017-03-28;30;12
190;2017-06-06;2017-06-12;30;12
191;2017-09-05;2017-09-11;30;12
192;2017-10-25;2017-10-31;30;12
193;2017-02-05;2017-02-15;31;12
194;2017-04-07;2017-04-17;31;12
195;2017-05-28;2017-06-07;31;12
196;2017-08-14;2017-08-24;31;12
197;2017-10-14;2017-10-24;31;12
198;2018-01-18;2018-01-28;31;12
199;2018-03-26;2018-04-05;31;12
200;2018-05-27;2018-06-06;31;12
201;2018-08-26;2018-09-05;31;12
202;2017-02-10;2017-02-17;32;8
203;2017-04-27;2017-05-04;32;8
204;2017-07-23;2017-07-30;32;8
205;2017-09-21;2017-09-28;32;8
206;2017-12-04;2017-12-11;32;8
207;2018-02-08;2018-02-15;32;8
208;2017-02-12;2017-02-15;33;6
209;2017-05-04;2017-05-07;33;6
210;2017-06-18;2017-06-21;33;6
211;2017-09-04;2017-09-07;33;6
212;2017-11-23;2017-11-26;33;6
213;2017-03-14;2017-03-21;34;8
214;2017-04-20;2017-04-27;34;8
215;2017-06-09;2017-06-16;34;8
216;2017-07-08;2017-07-15;34;8
217;2017-10-13;2017-10-20;34;8
218;2017-12-02;2017-12-09;34;8
219;2018-02-02;2018-02-09;34;8
220;2018-03-29;2018-04-05;34;8
221;2018-05-23;2018-05-30;34;8
222;2018-06-24;2018-07-01;34;8
223;2017-03-09;2017-03-16;35;10
224;2017-05-01;2017-05-08;35;10
225;2017-07-12;2017-07-19;35;10
226;2017-09-02;2017-09-09;35;10
227;2017-10-22;2017-10-29;35;10
228;2017-12-12;2017-12-19;35;10
229;2018-01-10;2018-01-17;35;10
230;2018-03-18;2018-03-25;35;10
231;2018-05-08;2018-05-15;35;10
232;2017-03-31;2017-04-12;36;8
233;2017-05-29;2017-06-10;36;8
234;2017-07-02;2017-07-14;36;8
235;2017-10-08;2017-10-20;36;8
236;2017-12-30;2018-01-11;36;8
237;2018-02-10;2018-02-22;36;8
238;2018-05-06;2018-05-18;36;8
239;2018-06-18;2018-06-30;36;8
240;2018-09-26;2018-10-08;36;8
241;2017-02-20;2017-02-28;37;8
242;2017-05-21;2017-05-29;37;8
243;2017-07-14;2017-07-22;37;8
244;2017-10-11;2017-10-19;37;8
245;2018-01-12;2018-01-20;37;8
246;2018-04-13;2018-04-21;37;8
247;2017-03-11;2017-03-19;38;7
248;2017-05-09;2017-05-17;38;7
249;2017-06-17;2017-06-25;38;7
250;2017-07-20;2017-07-28;38;7
251;2017-10-20;2017-10-28;38;7
252;2018-01-08;2018-01-16;38;7
253;2018-03-06;2018-03-14;38;7
254;2018-05-02;2018-05-10;38;7
255;2018-06-10;2018-06-18;38;7
256;2017-02-07;2017-02-14;39;12
257;2017-03-12;2017-03-19;39;12
258;2017-05-03;2017-05-10;39;12
259;2017-07-10;2017-07-17;39;12
260;2017-08-30;2017-09-06;39;12
261;2017-11-03;2017-11-10;39;12
262;2017-01-28;2017-02-10;40;12
263;2017-03-30;2017-04-12;40;12
264;2017-06-13;2017-06-26;40;12
265;2017-08-14;2017-08-27;40;12
266;2017-10-16;2017-10-29;40;12
267;2017-12-20;2018-01-02;40;12
268;2017-03-10;2017-03-18;41;6
269;2017-05-14;2017-05-22;41;6
270;2017-07-07;2017-07-15;41;6
271;2017-08-28;2017-09-05;41;6
272;2017-10-01;2017-10-09;41;6
273;2017-12-04;2017-12-12;41;6
274;2018-02-16;2018-02-24;41;6
275;2017-03-18;2017-03-21;42;11
276;2017-05-13;2017-05-16;42;11
277;2017-02-08;2017-02-17;43;8
278;2017-05-09;2017-05-18;43;8
279;2017-06-21;2017-06-30;43;8
280;2017-08-13;2017-08-22;43;8
281;2017-09-30;2017-10-09;43;8
282;2017-12-16;2017-12-25;43;8
283;2017-01-22;2017-01-24;44;10
284;2017-03-30;2017-04-10;45;8
285;2017-03-28;2017-04-09;46;6
286;2017-05-30;2017-06-11;46;6
287;2017-08-07;2017-08-19;46;6
288;2017-10-11;2017-10-23;46;6
289;2017-12-26;2018-01-07;46;6
290;2018-03-07;2018-03-19;46;6
291;2018-05-09;2018-05-21;46;6
292;2017-02-20;2017-02-27;47;11
293;2017-04-22;2017-04-29;47;11
294;2017-06-11;2017-06-18;47;11
295;2017-08-01;2017-08-08;47;11
296;2017-09-03;2017-09-10;47;11
297;2017-11-12;2017-11-19;47;11
298;2017-12-31;2018-01-07;47;11
299;2018-03-21;2018-03-28;47;11
300;2017-03-26;2017-04-05;48;10
301;2017-05-10;2017-05-20;48;10
302;2017-08-09;2017-08-19;48;10
303;2017-11-03;2017-11-13;48;10
304;2018-01-26;2018-02-05;48;10
305;2018-04-14;2018-04-24;48;10
306;2018-07-19;2018-07-29;48;10
307;2018-10-12;2018-10-22;48;10
308;2017-02-12;2017-02-16;49;11
309;2017-04-03;2017-04-07;49;11
310;2017-06-10;2017-06-14;49;11
311;2017-07-13;2017-07-17;49;11
312;2017-10-12;2017-10-16;49;11
313;2017-12-24;2017-12-28;49;11
314;2018-02-03;2018-02-07;49;11
315;2018-02-28;2018-03-04;49;11
316;2017-02-13;2017-02-17;50;8
317;2017-03-14;2017-03-17;51;8
318;2017-05-27;2017-05-30;51;8
319;2017-07-05;2017-07-08;51;8
320;2017-08-04;2017-08-07;51;8
321;2017-10-30;2017-11-02;51;8
322;2017-01-22;2017-02-05;52;10
323;2017-04-20;2017-05-04;52;10
324;2017-07-22;2017-08-05;52;10
325;2017-09-18;2017-10-02;52;10
326;2017-03-23;2017-03-29;53;6
327;2017-05-30;2017-06-05;53;6
328;2017-07-05;2017-07-11;53;6
329;2017-09-12;2017-09-18;53;6
330;2017-11-29;2017-12-05;53;6
331;2018-01-06;2018-01-12;53;6
332;2018-02-14;2018-02-20;53;6
333;2018-04-09;2018-04-15;53;6
334;2018-06-09;2018-06-15;53;6
335;2018-08-29;2018-09-04;53;6
336;2017-03-01;2017-03-11;54;6
337;2017-04-05;2017-04-15;54;6
338;2017-05-31;2017-06-10;54;6
339;2017-07-30;2017-08-09;54;6
340;2017-10-08;2017-10-18;54;6
341;2017-11-08;2017-11-18;54;6
342;2018-01-09;2018-01-19;54;6
343;2017-02-20;2017-03-02;55;10
344;2017-04-21;2017-05-01;55;10
345;2017-06-01;2017-06-11;55;10
346;2017-02-11;2017-02-20;56;8
347;2017-04-23;2017-05-02;56;8
348;2017-07-02;2017-07-11;56;8
349;2017-09-23;2017-10-02;56;8
350;2017-11-27;2017-12-06;56;8
351;2018-01-20;2018-01-29;56;8
352;2018-03-02;2018-03-11;56;8
353;2017-03-06;2017-03-09;57;9
354;2017-04-18;2017-04-21;57;9
355;2017-05-28;2017-05-31;57;9
356;2017-08-14;2017-08-17;57;9
357;2017-10-12;2017-10-15;57;9
358;2018-01-01;2018-01-04;57;9
359;2018-03-17;2018-03-20;57;9
360;2018-06-03;2018-06-06;57;9
361;2018-08-01;2018-08-04;57;9
362;2018-10-11;2018-10-14;57;9
363;2017-01-26;2017-02-03;58;9
364;2017-04-03;2017-04-11;58;9
365;2017-06-09;2017-06-17;58;9
366;2017-07-20;2017-07-28;58;9
367;2017-03-31;2017-04-02;59;6
368;2017-06-29;2017-07-01;59;6
369;2017-09-17;2017-09-19;59;6
370;2017-11-01;2017-11-03;59;6
371;2017-12-19;2017-12-21;59;6
372;2017-03-03;2017-03-08;60;8
373;2017-04-22;2017-04-27;60;8
374;2017-05-22;2017-05-27;60;8
375;2017-06-25;2017-06-30;60;8
376;2017-08-19;2017-08-24;60;8
377;2017-11-13;2017-11-18;60;8
378;2018-01-22;2018-01-27;60;8
379;2018-04-12;2018-04-17;60;8
380;2018-06-14;2018-06-19;60;8
381;2018-08-01;2018-08-06;60;8
382;2017-02-06;2017-02-10;61;10
383;2017-05-05;2017-05-09;61;10
384;2017-07-14;2017-07-18;61;10
385;2017-08-27;2017-08-31;61;10
386;2017-03-04;2017-03-09;62;8
387;2017-06-02;2017-06-07;62;8
388;2017-08-06;2017-08-11;62;8
389;2017-10-26;2017-10-31;62;8
390;2017-12-16;2017-12-21;62;8
391;2018-03-21;2018-03-26;62;8
392;2018-06-19;2018-06-24;62;8
393;2017-02-02;2017-02-07;63;6
394;2017-03-30;2017-04-04;63;6
395;2017-06-23;2017-06-28;63;6
396;2017-08-06;2017-08-11;63;6
397;2017-10-10;2017-10-15;63;6
398;2017-02-08;2017-02-14;64;10
399;2017-04-17;2017-04-23;64;10
400;2017-07-12;2017-07-18;64;10
401;2017-08-30;2017-09-05;64;10
402;2017-10-25;2017-10-31;64;10
403;2017-12-24;2017-12-30;64;10
404;2017-03-20;2017-03-25;65;8
405;2017-03-09;2017-03-15;66;6
406;2017-05-01;2017-05-07;66;6
407;2017-06-29;2017-07-05;66;6
408;2017-09-04;2017-09-10;66;6
409;2017-10-26;2017-11-01;66;6
410;2017-12-03;2017-12-09;66;6
411;2018-01-30;2018-02-05;66;6
412;2018-04-01;2018-04-07;66;6
413;2018-06-03;2018-06-09;66;6
414;2018-08-01;2018-08-07;66;6
415;2017-02-05;2017-02-16;67;10
416;2017-04-16;2017-04-27;67;10
417;2017-06-03;2017-06-14;67;10
418;2017-09-07;2017-09-18;67;10
419;2017-11-07;2017-11-18;67;10
420;2017-02-17;2017-02-21;68;10
421;2017-05-04;2017-05-08;68;10
422;2017-07-06;2017-07-10;68;10
423;2017-08-09;2017-08-13;68;10
424;2017-09-20;2017-09-24;68;10
425;2017-12-11;2017-12-15;68;10
426;2018-02-07;2018-02-11;68;10
427;2017-02-23;2017-03-05;69;10
428;2017-03-27;2017-04-06;69;10
429;2017-06-15;2017-06-25;69;10
430;2017-08-01;2017-08-11;69;10
431;2017-11-05;2017-11-15;69;10
432;2017-02-13;2017-02-20;70;6
433;2017-04-14;2017-04-21;70;6
434;2017-05-19;2017-05-26;70;6
435;2017-03-14;2017-03-18;71;7
436;2017-01-23;2017-01-26;72;12
437;2017-04-19;2017-04-22;72;12
438;2017-06-10;2017-06-13;72;12
439;2017-03-10;2017-03-19;73;12
440;2017-04-20;2017-04-29;73;12
441;2017-06-29;2017-07-08;73;12
442;2017-08-22;2017-08-31;73;12
443;2017-02-10;2017-02-14;74;7
444;2017-04-18;2017-04-22;74;7
445;2017-06-07;2017-06-11;74;7
446;2017-08-23;2017-08-27;74;7
447;2017-11-12;2017-11-16;74;7
448;2018-01-04;2018-01-08;74;7
449;2018-03-11;2018-03-15;74;7
450;2018-05-13;2018-05-17;74;7
451;2018-07-05;2018-07-09;74;7
452;2018-10-01;2018-10-05;74;7
453;2017-03-21;2017-03-27;75;6
454;2017-04-29;2017-05-05;75;6
455;2017-07-30;2017-08-05;75;6
456;2017-09-05;2017-09-11;75;6
457;2017-03-10;2017-03-14;76;9
458;2017-05-05;2017-05-09;76;9
459;2017-06-08;2017-06-12;76;9
460;2017-02-14;2017-02-19;77;8
461;2017-04-27;2017-05-02;77;8
462;2017-07-09;2017-07-14;77;8
463;2017-09-05;2017-09-10;77;8
464;2017-02-08;2017-02-22;78;11
465;2017-01-31;2017-02-14;79;10
466;2017-05-07;2017-05-21;79;10
467;2017-07-12;2017-07-26;79;10
468;2017-09-25;2017-10-09;79;10
469;2017-10-31;2017-11-14;79;10
470;2018-01-05;2018-01-19;79;10
471;2018-04-11;2018-04-25;79;10
472;2018-06-07;2018-06-21;79;10
473;2017-03-07;2017-03-16;80;12
474;2017-04-16;2017-04-25;80;12
475;2017-05-27;2017-06-05;80;12
476;2017-07-22;2017-07-31;80;12
477;2017-09-02;2017-09-11;80;12
478;2017-11-08;2017-11-17;80;12
479;2018-02-03;2018-02-12;80;12
480;2018-05-12;2018-05-21;80;12
481;2018-07-06;2018-07-15;80;12
482;2017-01-24;2017-01-29;81;9
483;2017-02-27;2017-03-04;81;9
484;2017-04-01;2017-04-06;81;9
485;2017-02-02;2017-02-16;82;12
486;2017-05-08;2017-05-22;82;12
487;2017-08-11;2017-08-25;82;12
488;2017-10-22;2017-11-05;82;12
489;2017-02-16;2017-02-20;83;11
490;2017-05-01;2017-05-05;83;11
491;2017-06-16;2017-06-20;83;11
492;2017-07-25;2017-07-29;83;11
493;2017-10-02;2017-10-06;83;11
494;2017-03-14;2017-03-17;84;10
495;2017-04-21;2017-04-24;84;10
496;2017-05-29;2017-06-01;84;10
497;2017-06-30;2017-07-03;84;10
498;2017-07-31;2017-08-03;84;10
499;2017-09-29;2017-10-02;84;10
500;2017-11-25;2017-11-28;84;10
501;2018-01-20;2018-01-23;84;10
502;2018-04-21;2018-04-24;84;10
503;2018-07-17;2018-07-20;84;10
504;2017-02-22;2017-02-26;85;10
505;2017-03-27;2017-03-31;85;10
506;2017-06-19;2017-06-23;85;10
507;2017-09-19;2017-09-23;85;10
508;2017-12-20;2017-12-24;85;10
509;2018-01-20;2018-01-24;85;10
510;2017-02-22;2017-03-02;86;6
511;2017-04-09;2017-04-17;86;6
512;2017-05-25;2017-06-02;86;6
513;2017-07-20;2017-07-28;86;6
514;2017-10-25;2017-11-02;86;6
515;2017-12-26;2018-01-03;86;6
516;2017-02-08;2017-02-18;87;6
517;2017-05-12;2017-05-22;87;6
518;2017-07-12;2017-07-22;87;6
519;2017-09-15;2017-09-25;87;6
520;2017-12-02;2017-12-12;87;6
521;2018-01-10;2018-01-20;87;6
522;2018-03-24;2018-04-03;87;6
523;2018-06-16;2018-06-26;87;6
524;2018-08-03;2018-08-13;87;6
525;2017-03-29;2017-04-12;88;6
526;2017-06-22;2017-07-06;88;6
527;2017-09-15;2017-09-29;88;6
528;2017-11-21;2017-12-05;88;6
529;2017-03-01;2017-03-14;89;6
530;2017-05-22;2017-06-04;89;6
531;2017-07-14;2017-07-27;89;6
532;2017-03-16;2017-03-20;90;12
533;2017-05-21;2017-05-25;90;12
534;2017-08-03;2017-08-07;90;12
535;2017-09-27;2017-10-01;90;12
536;2017-03-11;2017-03-17;91;9
537;2017-04-17;2017-04-23;91;9
538;2017-06-15;2017-06-21;91;9
539;2017-07-22;2017-07-28;91;9
540;2017-08-19;2017-08-25;91;9
541;2017-09-30;2017-10-06;91;9
542;2017-12-10;2017-12-16;91;9
543;2018-02-28;2018-03-06;91;9
544;2017-02-21;2017-03-06;92;12
545;2017-04-14;2017-04-27;92;12
546;2017-06-16;2017-06-29;92;12
547;2017-08-04;2017-08-17;92;12
548;2017-11-09;2017-11-22;92;12
549;2018-02-06;2018-02-19;92;12
550;2018-04-18;2018-05-01;92;12
551;2018-07-17;2018-07-30;92;12
552;2018-09-18;2018-10-01;92;12
553;2018-11-17;2018-11-30;92;12
554;2017-03-02;2017-03-07;93;12
555;2017-04-12;2017-04-17;93;12
556;2017-05-10;2017-05-15;93;12
557;2017-06-20;2017-06-25;93;12
558;2017-07-29;2017-08-03;93;12
559;2017-09-06;2017-09-11;93;12
560;2017-12-01;2017-12-06;93;12
561;2017-12-28;2018-01-02;93;12
562;2018-03-11;2018-03-16;93;12
563;2018-06-10;2018-06-15;93;12
564;2017-03-24;2017-03-30;94;9
565;2017-06-25;2017-07-01;94;9
566;2017-09-29;2017-10-05;94;9
567;2017-11-07;2017-11-13;94;9
568;2018-01-13;2018-01-19;94;9
569;2018-02-19;2018-02-25;94;9
570;2018-03-27;2018-04-02;94;9
571;2018-06-20;2018-06-26;94;9
572;2018-08-04;2018-08-10;94;9
573;2017-03-04;2017-03-12;95;11
574;2017-05-14;2017-05-22;95;11
575;2017-06-28;2017-07-06;95;11
576;2017-08-18;2017-08-26;95;11
577;2017-09-20;2017-09-28;95;11
578;2017-10-31;2017-11-08;95;11
579;2017-11-30;2017-12-08;95;11
580;2017-02-04;2017-02-14;96;12
581;2017-05-15;2017-05-25;96;12
582;2017-07-08;2017-07-18;96;12
583;2017-09-17;2017-09-27;96;12
584;2017-11-14;2017-11-24;96;12
585;2018-02-01;2018-02-11;96;12
586;2018-04-22;2018-05-02;96;12
587;2018-06-13;2018-06-23;96;12
588;2017-02-24;2017-03-01;97;12
589;2017-04-19;2017-04-24;97;12
590;2017-01-27;2017-02-02;98;6
591;2017-02-28;2017-03-06;98;6
592;2017-03-28;2017-04-03;98;6
593;2017-06-29;2017-07-05;98;6
594;2017-08-27;2017-09-02;98;6
595;2017-09-30;2017-10-06;98;6
596;2017-03-13;2017-03-26;99;12
597;2017-06-03;2017-06-16;99;12
598;2017-08-06;2017-08-19;99;12
599;2017-11-10;2017-11-23;99;12
600;2017-01-29;2017-02-05;100;8
601;2017-04-01;2017-04-08;100;8
602;2017-05-01;2017-05-08;100;8
603;2017-07-04;2017-07-11;100;8
604;2017-01-27;2017-02-02;101;12
605;2017-04-12;2017-04-18;101;12
606;2017-05-28;2017-06-03;101;12
607;2017-06-28;2017-07-04;101;12
608;2017-09-01;2017-09-07;101;12
609;2017-11-13;2017-11-19;101;12
610;2018-01-02;2018-01-08;101;12
611;2018-02-15;2018-02-21;101;12
612;2018-03-25;2018-03-31;101;12
613;2017-02-03;2017-02-07;102;12
614;2017-05-02;2017-05-06;102;12
615;2017-08-01;2017-08-05;102;12
616;2017-09-11;2017-09-15;102;12
617;2017-12-01;2017-12-05;102;12
618;2017-01-22;2017-01-27;103;6
619;2017-04-02;2017-04-07;103;6
620;2017-05-13;2017-05-18;103;6
621;2017-03-04;2017-03-06;104;7
622;2017-06-01;2017-06-03;104;7
623;2017-07-02;2017-07-04;104;7
624;2017-08-15;2017-08-17;104;7
625;2017-10-05;2017-10-07;104;7
626;2017-11-22;2017-11-24;104;7
627;2017-12-20;2017-12-22;104;7
628;2018-02-05;2018-02-07;104;7
629;2018-05-03;2018-05-05;104;7
630;2018-07-27;2018-07-29;104;7
631;2017-02-02;2017-02-14;105;10
632;2017-03-22;2017-04-03;105;10
633;2017-05-20;2017-06-01;105;10
634;2017-06-29;2017-07-11;105;10
635;2017-03-26;2017-04-07;106;9
636;2017-06-21;2017-07-03;106;9
637;2017-09-03;2017-09-15;106;9
638;2017-12-12;2017-12-24;106;9
639;2018-01-17;2018-01-29;106;9
640;2017-02-27;2017-03-12;107;9
641;2017-05-17;2017-05-30;107;9
642;2017-07-11;2017-07-24;107;9
643;2017-10-19;2017-11-01;107;9
644;2018-01-17;2018-01-30;107;9
645;2018-03-05;2018-03-18;107;9
646;2017-01-28;2017-02-10;108;8
647;2017-03-30;2017-04-12;108;8
648;2017-05-16;2017-05-29;108;8
649;2017-07-13;2017-07-26;108;8
650;2017-08-16;2017-08-29;108;8
651;2017-10-18;2017-10-31;108;8
652;2017-12-22;2018-01-04;108;8
653;2018-04-03;2018-04-16;108;8
654;2017-03-20;2017-04-03;109;11
655;2017-05-05;2017-05-19;109;11
656;2017-07-07;2017-07-21;109;11
657;2017-09-13;2017-09-27;109;11
658;2017-11-09;2017-11-23;109;11
659;2018-02-07;2018-02-21;109;11
660;2018-05-06;2018-05-20;109;11
661;2018-07-29;2018-08-12;109;11
662;2018-10-23;2018-11-06;109;11
663;2017-03-14;2017-03-26;110;9
664;2017-05-08;2017-05-20;110;9
665;2017-08-12;2017-08-24;110;9
666;2017-09-14;2017-09-26;110;9
667;2017-10-24;2017-11-05;110;9
668;2018-01-27;2018-02-08;110;9
669;2018-03-07;2018-03-19;110;9
670;2017-02-28;2017-03-11;111;9
671;2017-04-03;2017-04-14;111;9
672;2017-02-19;2017-02-24;112;6
673;2017-05-04;2017-05-09;112;6
674;2017-06-19;2017-06-24;112;6
675;2017-07-15;2017-07-20;112;6
676;2017-08-15;2017-08-20;112;6
677;2017-11-18;2017-11-23;112;6
678;2018-01-10;2018-01-15;112;6
679;2018-03-30;2018-04-04;112;6
680;2018-05-14;2018-05-19;112;6
681;2017-02-13;2017-02-18;113;7
682;2017-04-15;2017-04-20;113;7
683;2017-06-08;2017-06-13;113;7
684;2017-03-25;2017-04-02;114;12
685;2017-04-25;2017-05-03;114;12
686;2017-06-22;2017-06-30;114;12
687;2017-03-25;2017-04-08;115;6
688;2017-05-11;2017-05-25;115;6
689;2017-06-30;2017-07-14;115;6
690;2017-09-20;2017-10-04;115;6
691;2017-12-23;2018-01-06;115;6
692;2018-01-30;2018-02-13;115;6
693;2017-03-03;2017-03-11;116;6
694;2017-04-11;2017-04-19;116;6
695;2017-05-12;2017-05-20;116;6
696;2017-07-09;2017-07-17;116;6
697;2017-09-10;2017-09-18;116;6
698;2017-11-03;2017-11-11;116;6
699;2018-02-08;2018-02-16;116;6
700;2018-04-22;2018-04-30;116;6
701;2017-02-23;2017-03-02;117;12
702;2017-04-15;2017-04-22;117;12
703;2017-06-03;2017-06-10;117;12
704;2017-08-18;2017-08-25;117;12
705;2017-10-05;2017-10-12;117;12
706;2017-11-14;2017-11-21;117;12
707;2018-01-09;2018-01-16;117;12
708;2017-03-12;2017-03-25;118;8
709;2017-05-05;2017-05-18;118;8
710;2017-06-27;2017-07-10;118;8
711;2017-01-25;2017-01-28;119;11
712;2017-03-16;2017-03-19;119;11
713;2017-05-31;2017-06-03;119;11
714;2017-08-14;2017-08-17;119;11
715;2017-11-10;2017-11-13;119;11
716;2017-12-05;2017-12-08;119;11
717;2018-01-30;2018-02-02;119;11
718;2018-04-18;2018-04-21;119;11
719;2018-07-07;2018-07-10;119;11
720;2018-09-26;2018-09-29;119;11
721;2017-03-02;2017-03-09;120;7
722;2017-04-14;2017-04-21;120;7
723;2017-06-12;2017-06-19;120;7
724;2017-08-17;2017-08-24;120;7
725;2017-02-05;2017-02-10;121;9
726;2017-03-19;2017-03-27;122;7
727;2017-04-30;2017-05-08;122;7
728;2017-06-20;2017-06-28;122;7
729;2017-08-07;2017-08-15;122;7
730;2017-02-27;2017-03-13;123;7
731;2017-05-18;2017-06-01;123;7
732;2017-07-20;2017-08-03;123;7
733;2017-09-20;2017-10-04;123;7
734;2018-01-01;2018-01-15;123;7
735;2017-03-19;2017-03-27;124;8
736;2017-05-05;2017-05-13;124;8
737;2017-07-19;2017-07-27;124;8
738;2017-10-24;2017-11-01;124;8
739;2017-11-28;2017-12-06;124;8
740;2018-02-28;2018-03-08;124;8
741;2018-05-05;2018-05-13;124;8
742;2017-02-01;2017-02-13;125;11
743;2017-04-04;2017-04-16;125;11
744;2017-07-13;2017-07-25;125;11
745;2017-10-14;2017-10-26;125;11
746;2018-01-04;2018-01-16;125;11
747;2018-02-11;2018-02-23;125;11
748;2018-05-09;2018-05-21;125;11
749;2017-02-11;2017-02-15;126;10
750;2017-04-01;2017-04-05;126;10
751;2017-04-28;2017-05-02;126;10
752;2017-06-04;2017-06-08;126;10
753;2017-08-21;2017-08-25;126;10
754;2017-11-13;2017-11-17;126;10
755;2018-02-12;2018-02-16;126;10
756;2018-05-15;2018-05-19;126;10
757;2018-08-03;2018-08-07;126;10
758;2018-09-18;2018-09-22;126;10
759;2017-01-24;2017-01-27;127;6
760;2017-04-12;2017-04-15;127;6
761;2017-05-23;2017-05-26;127;6
762;2017-08-14;2017-08-17;127;6
763;2017-10-11;2017-10-14;127;6
764;2017-03-13;2017-03-22;128;10
765;2017-05-24;2017-06-02;128;10
766;2017-08-03;2017-08-12;128;10
767;2017-09-09;2017-09-18;128;10
768;2017-10-10;2017-10-19;128;10
769;2017-11-17;2017-11-26;128;10
770;2018-02-14;2018-02-23;128;10
771;2018-04-17;2018-04-26;128;10
772;2017-01-22;2017-02-05;129;9
773;2017-03-17;2017-03-31;129;9
774;2017-06-15;2017-06-29;129;9
775;2017-09-12;2017-09-26;129;9
776;2017-11-24;2017-12-08;129;9
777;2018-01-25;2018-02-08;129;9
778;2018-03-13;2018-03-27;129;9
779;2017-02-09;2017-02-19;130;6
780;2017-05-17;2017-05-27;130;6
781;2017-06-25;2017-07-05;130;6
782;2017-09-19;2017-09-29;130;6
783;2017-12-20;2017-12-30;130;6
784;2018-01-23;2018-02-02;130;6
785;2018-04-20;2018-04-30;130;6
786;2017-01-22;2017-01-24;131;6
787;2017-03-19;2017-03-21;131;6
788;2017-06-06;2017-06-08;131;6
789;2017-07-22;2017-07-24;131;6
790;2017-10-05;2017-10-07;131;6
791;2017-11-14;2017-11-16;131;6
792;2018-02-14;2018-02-16;131;6
793;2018-03-28;2018-03-30;131;6
794;2017-03-03;2017-03-06;132;10
795;2017-04-07;2017-04-10;132;10
796;2017-05-03;2017-05-06;132;10
797;2017-06-16;2017-06-19;132;10
798;2017-08-18;2017-08-21;132;10
799;2017-10-08;2017-10-11;132;10
800;2017-11-04;2017-11-07;132;10
801;2018-01-22;2018-01-25;132;10
802;2018-02-23;2018-02-26;132;10
803;2017-02-16;2017-02-19;133;6
804;2017-03-12;2017-03-15;133;6
805;2017-05-20;2017-05-23;133;6
806;2017-07-24;2017-07-27;133;6
807;2017-09-05;2017-09-08;133;6
808;2017-11-04;2017-11-07;133;6
809;2017-03-01;2017-03-11;134;11
810;2017-05-22;2017-06-01;134;11
811;2017-08-15;2017-08-25;134;11
812;2017-10-15;2017-10-25;134;11
813;2017-02-22;2017-03-01;135;8
814;2017-04-04;2017-04-11;135;8
815;2017-05-23;2017-05-30;135;8
816;2017-08-02;2017-08-09;135;8
817;2017-10-03;2017-10-10;135;8
818;2017-12-27;2018-01-03;135;8
819;2018-03-14;2018-03-21;135;8
820;2018-04-27;2018-05-04;135;8
821;2018-07-10;2018-07-17;135;8
822;2018-09-09;2018-09-16;135;8
823;2017-02-27;2017-03-11;136;8
824;2017-05-15;2017-05-27;136;8
825;2017-08-24;2017-09-05;136;8
826;2017-10-16;2017-10-28;136;8
827;2018-01-11;2018-01-23;136;8
828;2018-04-01;2018-04-13;136;8
829;2018-07-07;2018-07-19;136;8
830;2018-10-07;2018-10-19;136;8
831;2017-02-13;2017-02-19;137;6
832;2017-05-18;2017-05-24;137;6
833;2017-08-10;2017-08-16;137;6
834;2017-10-20;2017-10-26;137;6
835;2017-12-19;2017-12-25;137;6
836;2018-02-17;2018-02-23;137;6
837;2018-05-22;2018-05-28;137;6
838;2018-07-28;2018-08-03;137;6
839;2017-03-15;2017-03-24;138;8
840;2017-05-23;2017-06-01;138;8
841;2017-07-02;2017-07-11;138;8
842;2017-08-03;2017-08-12;138;8
843;2017-10-03;2017-10-12;138;8
844;2017-11-14;2017-11-23;138;8
845;2018-01-28;2018-02-06;138;8
846;2018-05-05;2018-05-14;138;8
847;2018-08-02;2018-08-11;138;8
848;2018-10-01;2018-10-10;138;8
849;2017-03-05;2017-03-19;139;12
850;2017-05-18;2017-06-01;139;12
851;2017-08-27;2017-09-10;139;12
852;2017-11-21;2017-12-05;139;12
853;2018-01-01;2018-01-15;139;12
854;2018-03-09;2018-03-23;139;12
855;2018-05-14;2018-05-28;139;12
856;2018-07-20;2018-08-03;139;12
857;2018-09-07;2018-09-21;139;12
858;2018-11-09;2018-11-23;139;12
859;2017-01-29;2017-02-03;140;10
860;2017-03-25;2017-03-30;140;10
861;2017-05-13;2017-05-18;140;10
862;2017-07-01;2017-07-06;140;10
863;2017-09-22;2017-09-27;140;10
864;2017-11-06;2017-11-11;140;10
865;2018-01-16;2018-01-21;140;10
866;2018-04-19;2018-04-24;140;10
867;2018-06-30;2018-07-05;140;10
868;2017-01-22;2017-02-03;141;6
869;2017-04-24;2017-05-06;141;6
870;2017-03-28;2017-04-10;142;11
871;2017-07-02;2017-07-15;142;11
872;2017-09-23;2017-10-06;142;11
873;2017-11-25;2017-12-08;142;11
874;2018-01-10;2018-01-23;142;11
875;2018-04-07;2018-04-20;142;11
876;2018-05-13;2018-05-26;142;11
877;2018-08-20;2018-09-02;142;11
878;2018-11-27;2018-12-10;142;11
879;2019-02-12;2019-02-25;142;11
880;2017-02-12;2017-02-20;143;11
881;2017-03-26;2017-04-03;143;11
882;2017-05-23;2017-05-31;143;11
883;2017-08-05;2017-08-13;143;11
884;2017-10-29;2017-11-06;143;11
885;2018-01-02;2018-01-10;143;11
886;2018-03-20;2018-03-28;143;11
887;2018-04-24;2018-05-02;143;11
888;2018-07-07;2018-07-15;143;11
889;2018-09-17;2018-09-25;143;11
890;2017-01-26;2017-02-08;144;11
891;2017-03-06;2017-03-19;144;11
892;2017-02-10;2017-02-24;145;9
893;2017-03-26;2017-04-09;145;9
894;2017-05-11;2017-05-25;145;9
895;2017-08-14;2017-08-28;145;9
896;2017-11-24;2017-12-08;145;9
897;2018-01-22;2018-02-05;145;9
898;2018-03-02;2018-03-16;145;9
899;2018-05-10;2018-05-24;145;9
900;2017-03-04;2017-03-10;146;6
901;2017-04-11;2017-04-17;146;6
902;2017-06-16;2017-06-22;146;6
903;2017-08-21;2017-08-27;146;6
904;2017-10-08;2017-10-14;146;6
905;2017-02-28;2017-03-14;147;9
906;2017-05-06;2017-05-20;147;9
907;2017-08-09;2017-08-23;147;9
908;2017-11-06;2017-11-20;147;9
909;2018-01-05;2018-01-19;147;9
910;2017-02-28;2017-03-08;148;7
911;2017-05-05;2017-05-13;148;7
912;2017-02-14;2017-02-19;149;10
913;2017-03-15;2017-03-25;150;9
914;2017-04-20;2017-04-30;150;9
915;2017-06-14;2017-06-24;150;9
916;2017-07-20;2017-07-30;150;9
917;2017-10-15;2017-10-25;150;9
918;2017-12-11;2017-12-21;150;9
919;2018-01-15;2018-01-25;150;9
920;2017-02-25;2017-03-07;151;8
921;2017-06-02;2017-06-12;151;8
922;2017-08-02;2017-08-12;151;8
923;2017-10-03;2017-10-13;151;8
924;2017-12-18;2017-12-28;151;8
925;2018-03-04;2018-03-14;151;8
926;2018-05-08;2018-05-18;151;8
927;2017-02-23;2017-03-03;152;11
928;2017-04-04;2017-04-12;152;11
929;2017-07-04;2017-07-12;152;11
930;2017-08-19;2017-08-27;152;11
931;2017-02-14;2017-02-22;153;8
932;2017-04-20;2017-04-28;153;8
933;2017-07-18;2017-07-26;153;8
934;2017-10-15;2017-10-23;153;8
935;2017-12-03;2017-12-11;153;8
936;2018-02-24;2018-03-04;153;8
937;2018-05-23;2018-05-31;153;8
938;2017-03-03;2017-03-08;154;11
939;2017-05-18;2017-05-23;154;11
940;2017-06-19;2017-06-24;154;11
941;2017-08-03;2017-08-08;154;11
942;2017-10-11;2017-10-16;154;11
943;2017-12-30;2018-01-04;154;11
944;2018-02-25;2018-03-02;154;11
945;2018-03-25;2018-03-30;154;11
946;2017-03-23;2017-03-29;155;8
947;2017-02-14;2017-02-19;156;10
948;2017-05-05;2017-05-10;156;10
949;2017-07-23;2017-07-28;156;10
950;2017-09-15;2017-09-20;156;10
951;2017-12-16;2017-12-21;156;10
952;2018-02-22;2018-02-27;156;10
953;2018-04-22;2018-04-27;156;10
954;2017-04-01;2017-04-05;157;8
955;2017-05-17;2017-05-21;157;8
956;2017-06-19;2017-06-23;157;8
957;2017-08-29;2017-09-02;157;8
958;2017-11-30;2017-12-04;157;8
959;2018-01-09;2018-01-13;157;8
960;2018-02-12;2018-02-16;157;8
961;2018-03-21;2018-03-25;157;8
962;2018-05-18;2018-05-22;157;8
963;2018-07-24;2018-07-28;157;8
964;2017-01-26;2017-02-07;158;12
965;2017-03-26;2017-04-07;158;12
966;2017-05-23;2017-06-04;158;12
967;2017-08-07;2017-08-19;158;12
968;2017-09-10;2017-09-22;158;12
969;2017-11-21;2017-12-03;158;12
970;2017-03-05;2017-03-14;159;6
971;2017-05-26;2017-06-04;159;6
972;2017-07-23;2017-08-01;159;6
973;2017-09-03;2017-09-12;159;6
974;2017-10-19;2017-10-28;159;6
975;2017-12-30;2018-01-08;159;6
976;2017-02-11;2017-02-13;160;11
977;2017-05-13;2017-05-15;160;11
978;2017-07-06;2017-07-08;160;11
979;2017-09-03;2017-09-05;160;11
980;2017-09-27;2017-09-29;160;11
981;2017-11-18;2017-11-20;160;11
982;2018-01-01;2018-01-03;160;11
983;2018-03-04;2018-03-06;160;11
984;2018-04-12;2018-04-14;160;11
985;2018-06-14;2018-06-16;160;11
986;2017-02-14;2017-02-22;161;10
987;2017-03-18;2017-03-26;161;10
988;2017-06-09;2017-06-17;161;10
989;2017-08-13;2017-08-21;161;10
990;2017-09-14;2017-09-22;161;10
991;2017-02-06;2017-02-08;162;6
992;2017-03-11;2017-03-13;162;6
993;2017-04-13;2017-04-15;162;6
994;2017-06-09;2017-06-11;162;6
995;2017-08-21;2017-08-23;162;6
996;2017-11-18;2017-11-20;162;6
997;2018-01-16;2018-01-18;162;6
998;2018-03-20;2018-03-22;162;6
999;2018-06-19;2018-06-21;162;6
1000;2017-02-19;2017-02-21;163;10
1001;2017-05-21;2017-05-23;163;10
1002;2017-07-24;2017-07-26;163;10
1003;2017-09-09;2017-09-11;163;10
1004;2017-11-24;2017-11-26;163;10
1005;2018-02-20;2018-02-22;163;10
1006;2018-03-25;2018-03-27;163;10
1007;2017-02-02;2017-02-11;164;8
1008;2017-04-14;2017-04-23;164;8
1009;2017-05-31;2017-06-09;164;8
1010;2017-08-30;2017-09-08;164;8
1011;2017-10-26;2017-11-04;164;8
1012;2018-01-21;2018-01-30;164;8
1013;2018-03-19;2018-03-28;164;8
1014;2018-05-12;2018-05-21;164;8
1015;2018-06-18;2018-06-27;164;8
1016;2018-09-07;2018-09-16;164;8
1017;2017-02-09;2017-02-11;165;12
1018;2017-04-12;2017-04-14;165;12
1019;2017-02-21;2017-03-06;166;6
1020;2017-05-23;2017-06-05;166;6
1021;2017-08-08;2017-08-21;166;6
1022;2017-10-14;2017-10-27;166;6
1023;2017-12-20;2018-01-02;166;6
1024;2018-02-28;2018-03-13;166;6
1025;2018-05-21;2018-06-03;166;6
1026;2018-07-10;2018-07-23;166;6
1027;2018-08-23;2018-09-05;166;6
1028;2018-10-07;2018-10-20;166;6
1029;2017-01-25;2017-01-28;167;6
1030;2017-04-27;2017-04-30;167;6
1031;2017-05-24;2017-05-27;167;6
1032;2017-07-11;2017-07-14;167;6
1033;2017-09-27;2017-09-30;167;6
1034;2017-11-22;2017-11-25;167;6
1035;2017-12-23;2017-12-26;167;6
1036;2018-02-25;2018-02-28;167;6
1037;2018-05-23;2018-05-26;167;6
1038;2017-02-22;2017-03-08;168;12
1039;2017-05-20;2017-06-03;168;12
1040;2017-06-29;2017-07-13;168;12
1041;2017-08-23;2017-09-06;168;12
1042;2017-03-29;2017-04-11;169;9
1043;2017-06-27;2017-07-10;169;9
1044;2017-08-12;2017-08-25;169;9
1045;2017-09-20;2017-10-03;169;9
1046;2017-11-22;2017-12-05;169;9
1047;2018-01-03;2018-01-16;169;9
1048;2018-04-14;2018-04-27;169;9
1049;2018-06-15;2018-06-28;169;9
1050;2018-09-07;2018-09-20;169;9
1051;2018-11-28;2018-12-11;169;9
1052;2017-02-12;2017-02-14;170;7
1053;2017-03-07;2017-03-21;171;10
1054;2017-05-20;2017-06-03;171;10
1055;2017-08-08;2017-08-22;171;10
1056;2017-10-07;2017-10-21;171;10
1057;2017-12-01;2017-12-15;171;10
1058;2017-02-16;2017-03-01;172;7
1059;2017-03-24;2017-04-06;172;7
1060;2017-07-02;2017-07-15;172;7
1061;2017-09-01;2017-09-14;172;7
1062;2017-11-20;2017-12-03;172;7
1063;2018-01-07;2018-01-20;172;7
1064;2018-04-14;2018-04-27;172;7
1065;2018-06-02;2018-06-15;172;7
1066;2018-07-30;2018-08-12;172;7
1067;2017-02-08;2017-02-14;173;9
1068;2017-04-30;2017-05-06;173;9
1069;2017-02-18;2017-02-28;174;8
1070;2017-04-23;2017-05-03;174;8
1071;2017-06-24;2017-07-04;174;8
1072;2017-09-21;2017-10-01;174;8
1073;2017-11-20;2017-11-30;174;8
1074;2017-01-25;2017-02-07;175;11
1075;2017-04-13;2017-04-26;175;11
1076;2017-07-04;2017-07-17;175;11
1077;2017-08-21;2017-09-03;175;11
1078;2017-09-24;2017-10-07;175;11
1079;2017-03-29;2017-04-02;176;7
1080;2017-06-12;2017-06-16;176;7
1081;2017-08-23;2017-08-27;176;7
1082;2017-11-11;2017-11-15;176;7
1083;2017-12-20;2017-12-24;176;7
1084;2018-01-21;2018-01-25;176;7
1085;2018-02-27;2018-03-03;176;7
1086;2018-03-31;2018-04-04;176;7
1087;2018-05-06;2018-05-10;176;7
1088;2018-06-12;2018-06-16;176;7
1089;2017-02-01;2017-02-06;177;6
1090;2017-02-27;2017-03-04;177;6
1091;2017-04-07;2017-04-12;177;6
1092;2017-05-15;2017-05-20;177;6
1093;2017-07-03;2017-07-08;177;6
1094;2017-09-11;2017-09-16;177;6
1095;2017-10-16;2017-10-21;177;6
1096;2017-03-19;2017-03-28;178;8
1097;2017-04-19;2017-04-28;178;8
1098;2017-07-19;2017-07-28;178;8
1099;2017-01-30;2017-02-12;179;11
1100;2017-03-26;2017-04-08;179;11
1101;2017-05-29;2017-06-11;179;11
1102;2017-08-27;2017-09-09;179;11
1103;2017-10-28;2017-11-10;179;11
1104;2017-12-07;2017-12-20;179;11
1105;2018-03-18;2018-03-31;179;11
1106;2018-06-03;2018-06-16;179;11
1107;2017-03-23;2017-03-30;180;8
1108;2017-06-13;2017-06-20;180;8
1109;2017-07-17;2017-07-24;180;8
1110;2017-09-14;2017-09-21;180;8
1111;2017-02-05;2017-02-17;181;10
1112;2017-03-31;2017-04-12;181;10
1113;2017-02-18;2017-02-25;182;7
1114;2017-05-03;2017-05-10;182;7
1115;2017-07-30;2017-08-06;182;7
1116;2017-09-19;2017-09-26;182;7
1117;2017-12-07;2017-12-14;182;7
1118;2018-01-08;2018-01-15;182;7
1119;2018-03-11;2018-03-18;182;7
1120;2018-05-07;2018-05-14;182;7
1121;2018-06-05;2018-06-12;182;7
1122;2018-08-11;2018-08-18;182;7
1123;2017-02-15;2017-02-22;183;7
1124;2017-04-25;2017-05-02;183;7
1125;2017-06-20;2017-06-27;183;7
1126;2017-09-15;2017-09-22;183;7
1127;2017-10-30;2017-11-06;183;7
1128;2018-01-09;2018-01-16;183;7
1129;2018-04-02;2018-04-09;183;7
1130;2018-05-16;2018-05-23;183;7
1131;2018-06-15;2018-06-22;183;7
1132;2017-01-31;2017-02-03;184;6
1133;2017-02-19;2017-03-02;185;8
1134;2017-05-13;2017-05-24;185;8
1135;2017-08-18;2017-08-29;185;8
1136;2017-02-07;2017-02-20;186;9
1137;2017-04-18;2017-05-01;186;9
1138;2017-07-21;2017-08-03;186;9
1139;2017-10-06;2017-10-19;186;9
1140;2017-11-25;2017-12-08;186;9
1141;2018-02-18;2018-03-03;186;9
1142;2017-02-18;2017-03-03;187;11
1143;2017-05-13;2017-05-26;187;11
1144;2017-07-16;2017-07-29;187;11
1145;2017-10-05;2017-10-18;187;11
1146;2017-12-26;2018-01-08;187;11
1147;2018-03-04;2018-03-17;187;11
1148;2017-03-04;2017-03-07;188;10
1149;2017-05-22;2017-05-25;188;10
1150;2017-07-21;2017-07-24;188;10
1151;2017-09-05;2017-09-08;188;10
1152;2017-02-12;2017-02-23;189;11
1153;2017-04-09;2017-04-20;189;11
1154;2017-06-29;2017-07-10;189;11
1155;2017-08-06;2017-08-17;189;11
1156;2017-02-19;2017-03-02;190;7
1157;2017-05-09;2017-05-20;190;7
1158;2017-06-30;2017-07-11;190;7
1159;2017-09-01;2017-09-12;190;7
1160;2017-11-29;2017-12-10;190;7
1161;2018-02-17;2018-02-28;190;7
1162;2018-04-20;2018-05-01;190;7
1163;2018-07-25;2018-08-05;190;7
1164;2018-09-11;2018-09-22;190;7
1165;2018-12-20;2018-12-31;190;7
1166;2017-03-01;2017-03-13;191;7
1167;2017-06-11;2017-06-23;191;7
1168;2017-08-06;2017-08-18;191;7
1169;2017-09-12;2017-09-24;191;7
1170;2017-10-25;2017-11-06;191;7
1171;2018-01-12;2018-01-24;191;7
1172;2018-04-02;2018-04-14;191;7
1173;2018-05-30;2018-06-11;191;7
1174;2018-07-27;2018-08-08;191;7
1175;2017-02-05;2017-02-11;192;11
1176;2017-03-04;2017-03-16;193;11
1177;2017-05-20;2017-06-01;193;11
1178;2017-07-07;2017-07-19;193;11
1179;2017-09-06;2017-09-18;193;11
1180;2017-10-10;2017-10-22;193;11
1181;2017-12-02;2017-12-14;193;11
1182;2018-02-19;2018-03-03;193;11
1183;2018-04-01;2018-04-13;193;11
1184;2018-05-28;2018-06-09;193;11
1185;2018-08-10;2018-08-22;193;11
1186;2017-03-31;2017-04-05;194;6
1187;2017-05-24;2017-05-29;194;6
1188;2017-07-10;2017-07-15;194;6
1189;2017-08-20;2017-08-25;194;6
1190;2017-09-17;2017-09-22;194;6
1191;2017-03-29;2017-04-06;195;7
1192;2017-05-08;2017-05-16;195;7
1193;2017-08-12;2017-08-20;195;7
1194;2017-01-25;2017-01-31;196;11
1195;2017-04-18;2017-04-24;196;11
1196;2017-05-23;2017-05-29;196;11
1197;2017-03-15;2017-03-18;197;6
1198;2017-05-20;2017-05-23;197;6
1199;2017-06-30;2017-07-03;197;6
1200;2017-09-11;2017-09-14;197;6
1201;2017-11-22;2017-11-25;197;6
1202;2018-02-07;2018-02-10;197;6
1203;2018-04-23;2018-04-26;197;6
1204;2017-03-21;2017-03-28;198;12
1205;2017-05-16;2017-05-23;198;12
1206;2017-07-18;2017-07-25;198;12
1207;2017-08-16;2017-08-23;198;12
1208;2017-11-20;2017-11-27;198;12
1209;2018-01-16;2018-01-23;198;12
1210;2018-02-22;2018-03-01;198;12
1211;2017-02-28;2017-03-09;199;10
1212;2017-04-16;2017-04-25;199;10
1213;2017-06-05;2017-06-14;199;10
1214;2017-07-28;2017-08-06;199;10
1215;2017-10-17;2017-10-26;199;10
1216;2017-11-30;2017-12-09;199;10
1217;2017-12-31;2018-01-09;199;10
1218;2018-02-26;2018-03-07;199;10
1219;2017-03-04;2017-03-16;200;10
1220;2017-04-24;2017-05-06;200;10
1221;2017-07-05;2017-07-17;200;10
1222;2017-03-25;2017-03-29;201;8
1223;2017-04-30;2017-05-04;201;8
1224;2017-03-05;2017-03-15;202;6
1225;2017-04-22;2017-05-02;202;6
1226;2017-06-28;2017-07-08;202;6
1227;2017-09-15;2017-09-25;202;6
1228;2017-12-07;2017-12-17;202;6
1229;2018-02-15;2018-02-25;202;6
1230;2018-05-12;2018-05-22;202;6
1231;2017-02-08;2017-02-16;203;9
1232;2017-05-06;2017-05-14;203;9
1233;2017-07-12;2017-07-20;203;9
1234;2017-10-03;2017-10-11;203;9
1235;2017-11-28;2017-12-06;203;9
1236;2018-01-20;2018-01-28;203;9
1237;2018-02-25;2018-03-05;203;9
1238;2018-05-22;2018-05-30;203;9
1239;2018-06-22;2018-06-30;203;9
1240;2017-03-08;2017-03-10;204;11
1241;2017-05-07;2017-05-09;204;11
1242;2017-07-06;2017-07-08;204;11
1243;2017-09-22;2017-09-24;204;11
1244;2017-10-22;2017-10-24;204;11
1245;2018-01-16;2018-01-18;204;11
1246;2018-03-06;2018-03-08;204;11
1247;2018-04-27;2018-04-29;204;11
1248;2018-06-07;2018-06-09;204;11
1249;2018-08-22;2018-08-24;204;11
1250;2017-02-24;2017-03-03;205;6
1251;2017-04-26;2017-05-03;205;6
1252;2017-02-28;2017-03-13;206;11
1253;2017-04-18;2017-05-01;206;11
1254;2017-07-19;2017-08-01;206;11
1255;2017-03-15;2017-03-27;207;11
1256;2017-05-30;2017-06-11;207;11
1257;2017-07-13;2017-07-25;207;11
1258;2017-10-16;2017-10-28;207;11
1259;2017-11-27;2017-12-09;207;11
1260;2018-01-27;2018-02-08;207;11
1261;2018-04-18;2018-04-30;207;11
1262;2018-06-13;2018-06-25;207;11
1263;2018-08-05;2018-08-17;207;11
1264;2018-09-27;2018-10-09;207;11
1265;2017-02-27;2017-03-04;208;11
1266;2017-04-26;2017-05-01;208;11
1267;2017-07-20;2017-07-25;208;11
1268;2017-10-01;2017-10-06;208;11
1269;2017-11-27;2017-12-02;208;11
1270;2018-01-30;2018-02-04;208;11
1271;2018-03-06;2018-03-11;208;11
1272;2018-05-31;2018-06-05;208;11
1273;2017-02-21;2017-02-26;209;12
1274;2017-05-02;2017-05-07;209;12
1275;2017-05-28;2017-06-02;209;12
1276;2017-07-03;2017-07-08;209;12
1277;2017-10-06;2017-10-11;209;12
1278;2017-01-30;2017-02-02;210;7
1279;2017-03-20;2017-04-02;211;11
1280;2017-06-14;2017-06-27;211;11
1281;2017-02-18;2017-02-24;212;9
1282;2017-04-17;2017-04-23;212;9
1283;2017-05-14;2017-05-20;212;9
1284;2017-03-15;2017-03-27;213;8
1285;2017-05-05;2017-05-17;213;8
1286;2017-03-04;2017-03-07;214;9
1287;2017-04-11;2017-04-14;214;9
1288;2017-06-14;2017-06-17;214;9
1289;2017-07-22;2017-07-25;214;9
1290;2017-10-03;2017-10-06;214;9
1291;2017-11-20;2017-11-23;214;9
1292;2018-02-10;2018-02-13;214;9
1293;2018-04-15;2018-04-18;214;9
1294;2017-03-18;2017-03-30;215;11
1295;2017-04-21;2017-05-03;215;11
1296;2017-05-26;2017-06-07;215;11
1297;2017-08-19;2017-08-31;215;11
1298;2017-01-22;2017-01-28;216;10
1299;2017-04-06;2017-04-12;216;10
1300;2017-06-10;2017-06-16;216;10
1301;2017-07-22;2017-07-28;216;10
1302;2017-10-11;2017-10-17;216;10
1303;2017-12-27;2018-01-02;216;10
1304;2017-01-31;2017-02-06;217;8
1305;2017-04-16;2017-04-22;217;8
1306;2017-06-24;2017-06-30;217;8
1307;2017-09-05;2017-09-11;217;8
1308;2017-10-22;2017-10-28;217;8
1309;2017-12-29;2018-01-04;217;8
1310;2018-03-17;2018-03-23;217;8
1311;2018-06-02;2018-06-08;217;8
1312;2017-03-12;2017-03-18;218;9
1313;2017-06-03;2017-06-09;218;9
1314;2017-07-03;2017-07-09;218;9
1315;2017-08-17;2017-08-23;218;9
1316;2017-11-01;2017-11-07;218;9
1317;2018-01-10;2018-01-16;218;9
1318;2018-02-18;2018-02-24;218;9
1319;2018-04-23;2018-04-29;218;9
1320;2018-06-21;2018-06-27;218;9
1321;2018-09-20;2018-09-26;218;9
1322;2017-02-17;2017-02-22;219;7
1323;2017-05-09;2017-05-14;219;7
1324;2017-06-16;2017-06-21;219;7
1325;2017-07-22;2017-07-27;219;7
1326;2017-09-20;2017-09-25;219;7
1327;2017-11-02;2017-11-07;219;7
1328;2018-02-01;2018-02-06;219;7
1329;2017-01-27;2017-02-09;220;12
1330;2017-05-01;2017-05-14;220;12
1331;2017-07-17;2017-07-30;220;12
1332;2017-09-24;2017-10-07;220;12
1333;2017-12-04;2017-12-17;220;12
1334;2018-03-12;2018-03-25;220;12
1335;2018-05-28;2018-06-10;220;12
1336;2017-02-08;2017-02-13;221;6
1337;2017-03-22;2017-03-27;221;6
1338;2017-01-29;2017-02-02;222;12
1339;2017-04-05;2017-04-09;222;12
1340;2017-02-06;2017-02-08;223;12
1341;2017-04-16;2017-04-18;223;12
1342;2017-02-14;2017-02-25;224;9
1343;2017-04-16;2017-04-27;224;9
1344;2017-06-25;2017-07-06;224;9
1345;2017-02-07;2017-02-12;225;6
1346;2017-03-28;2017-04-02;225;6
1347;2017-04-23;2017-04-28;225;6
1348;2017-07-01;2017-07-06;225;6
1349;2017-09-14;2017-09-19;225;6
1350;2017-02-03;2017-02-11;226;9
1351;2017-03-26;2017-04-03;226;9
1352;2017-05-06;2017-05-14;226;9
1353;2017-07-16;2017-07-24;226;9
1354;2017-08-19;2017-08-27;226;9
1355;2017-10-18;2017-10-26;226;9
1356;2017-03-14;2017-03-20;227;12
1357;2017-04-22;2017-04-28;227;12
1358;2017-03-28;2017-04-03;228;6
1359;2017-04-28;2017-05-04;228;6
1360;2017-02-15;2017-02-19;229;9
1361;2017-04-15;2017-04-19;229;9
1362;2017-06-17;2017-06-21;229;9
1363;2017-07-26;2017-07-30;229;9
1364;2017-10-13;2017-10-17;229;9
1365;2017-12-07;2017-12-11;229;9
1366;2018-01-12;2018-01-16;229;9
1367;2018-03-12;2018-03-16;229;9
1368;2018-05-11;2018-05-15;229;9
1369;2018-07-20;2018-07-24;229;9
1370;2017-03-12;2017-03-19;230;6
1371;2017-05-26;2017-06-02;230;6
1372;2017-07-04;2017-07-11;230;6
1373;2017-08-06;2017-08-13;230;6
1374;2017-10-28;2017-11-04;230;6
1375;2017-04-01;2017-04-14;231;8
1376;2017-05-22;2017-06-04;231;8
1377;2017-08-09;2017-08-22;231;8
1378;2017-09-24;2017-10-07;231;8
1379;2017-12-02;2017-12-15;231;8
1380;2018-01-24;2018-02-06;231;8
1381;2018-03-05;2018-03-18;231;8
1382;2018-06-01;2018-06-14;231;8
1383;2018-07-25;2018-08-07;231;8
1384;2018-09-12;2018-09-25;231;8
1385;2017-02-13;2017-02-15;232;8
1386;2017-04-07;2017-04-09;232;8
1387;2017-02-24;2017-03-05;233;7
1388;2017-05-12;2017-05-21;233;7
1389;2017-06-24;2017-07-03;233;7
1390;2017-09-17;2017-09-26;233;7
1391;2017-10-23;2017-11-01;233;7
1392;2017-12-20;2017-12-29;233;7
1393;2018-02-28;2018-03-09;233;7
1394;2018-04-17;2018-04-26;233;7
1395;2018-06-27;2018-07-06;233;7
1396;2018-08-17;2018-08-26;233;7
1397;2017-02-18;2017-02-25;234;6
1398;2017-05-15;2017-05-22;234;6
1399;2017-07-03;2017-07-10;234;6
1400;2017-08-03;2017-08-10;234;6
1401;2017-09-02;2017-09-09;234;6
1402;2017-10-29;2017-11-05;234;6
1403;2018-01-12;2018-01-19;234;6
1404;2018-02-26;2018-03-05;234;6
1405;2018-04-12;2018-04-19;234;6
1406;2017-02-14;2017-02-19;235;10
1407;2017-02-18;2017-03-04;236;12
1408;2017-03-04;2017-03-09;237;12
1409;2017-04-22;2017-04-27;237;12
1410;2017-06-12;2017-06-17;237;12
1411;2017-08-19;2017-08-24;237;12
1412;2017-10-15;2017-10-20;237;12
1413;2017-12-19;2017-12-24;237;12
1414;2017-02-25;2017-03-06;238;7
1415;2017-05-02;2017-05-11;238;7
1416;2017-03-14;2017-03-26;239;10
1417;2017-04-30;2017-05-12;239;10
1418;2017-06-11;2017-06-23;239;10
1419;2017-08-28;2017-09-09;239;10
1420;2017-10-05;2017-10-17;239;10
1421;2017-03-28;2017-04-05;240;9
1422;2017-06-17;2017-06-25;240;9
1423;2017-07-20;2017-07-28;240;9
1424;2017-10-14;2017-10-22;240;9
1425;2017-03-04;2017-03-10;241;12
1426;2017-04-26;2017-05-02;241;12
1427;2017-05-27;2017-06-02;241;12
1428;2017-08-25;2017-08-31;241;12
1429;2017-09-22;2017-09-28;241;12
1430;2017-11-18;2017-11-24;241;12
1431;2018-01-14;2018-01-20;241;12
1432;2018-03-20;2018-03-26;241;12
1433;2018-04-20;2018-04-26;241;12
1434;2018-05-19;2018-05-25;241;12
1435;2017-02-10;2017-02-23;242;12
1436;2017-05-23;2017-06-05;242;12
1437;2017-02-24;2017-03-04;243;12
1438;2017-04-21;2017-04-29;243;12
1439;2017-06-03;2017-06-11;243;12
1440;2017-09-06;2017-09-14;243;12
1441;2017-11-18;2017-11-26;243;12
1442;2018-01-16;2018-01-24;243;12
1443;2017-03-12;2017-03-19;244;10
1444;2017-02-06;2017-02-18;245;12
1445;2017-03-29;2017-04-10;245;12
1446;2017-05-19;2017-05-31;245;12
1447;2017-07-12;2017-07-24;245;12
1448;2017-10-12;2017-10-24;245;12
1449;2017-11-24;2017-12-06;245;12
1450;2017-02-06;2017-02-15;246;11
1451;2017-04-20;2017-04-29;246;11
1452;2017-07-25;2017-08-03;246;11
1453;2017-09-09;2017-09-18;246;11
1454;2017-01-22;2017-02-05;247;10
1455;2017-04-04;2017-04-18;247;10
1456;2017-06-20;2017-07-04;247;10
1457;2017-03-16;2017-03-27;248;7
1458;2017-06-04;2017-06-15;248;7
1459;2017-08-21;2017-09-01;248;7
1460;2017-11-10;2017-11-21;248;7
1461;2017-12-17;2017-12-28;248;7
1462;2018-02-05;2018-02-16;248;7
1463;2018-04-10;2018-04-21;248;7
1464;2018-05-29;2018-06-09;248;7
1465;2018-07-16;2018-07-27;248;7
1466;2017-02-05;2017-02-14;249;12
1467;2017-03-20;2017-03-29;249;12
1468;2017-04-19;2017-04-28;249;12
1469;2017-06-18;2017-06-27;249;12
1470;2017-02-14;2017-02-24;250;8
1471;2017-05-14;2017-05-24;250;8
1472;2017-06-26;2017-07-06;250;8
1473;2017-08-02;2017-08-12;250;8
1474;2017-11-01;2017-11-11;250;8
1475;2018-01-01;2018-01-11;250;8
1476;2017-03-06;2017-03-20;251;10
1477;2017-03-17;2017-03-20;252;7
1478;2017-05-09;2017-05-12;252;7
1479;2017-07-30;2017-08-02;252;7
1480;2017-08-29;2017-09-01;252;7
1481;2017-11-04;2017-11-07;252;7
1482;2017-12-05;2017-12-08;252;7
1483;2018-02-25;2018-02-28;252;7
1484;2018-04-03;2018-04-06;252;7
1485;2018-05-28;2018-05-31;252;7
1486;2018-07-22;2018-07-25;252;7
1487;2017-03-20;2017-03-27;253;8
1488;2017-06-02;2017-06-09;253;8
1489;2017-07-29;2017-08-05;253;8
1490;2017-10-25;2017-11-01;253;8
1491;2018-01-13;2018-01-20;253;8
1492;2018-04-05;2018-04-12;253;8
1493;2018-06-27;2018-07-04;253;8
1494;2018-09-11;2018-09-18;253;8
1495;2018-11-06;2018-11-13;253;8
1496;2017-02-08;2017-02-16;254;6
1497;2017-03-20;2017-03-28;254;6
1498;2017-05-03;2017-05-11;254;6
1499;2017-08-05;2017-08-13;254;6
1500;2017-10-12;2017-10-20;254;6
1501;2017-11-18;2017-11-26;254;6
1502;2017-02-01;2017-02-06;255;7
1503;2017-04-06;2017-04-11;255;7
1504;2017-05-18;2017-05-23;255;7
1505;2017-07-18;2017-07-23;255;7
1506;2017-09-04;2017-09-09;255;7
1507;2017-10-21;2017-10-26;255;7
1508;2017-11-30;2017-12-05;255;7
1509;2018-03-05;2018-03-10;255;7
1510;2018-04-01;2018-04-06;255;7
1511;2017-03-03;2017-03-07;256;12
1512;2017-04-05;2017-04-09;256;12
1513;2017-05-13;2017-05-17;256;12
1514;2017-06-15;2017-06-19;256;12
1515;2017-08-23;2017-08-27;256;12
1516;2017-09-27;2017-10-01;256;12
1517;2017-11-04;2017-11-08;256;12
1518;2017-03-20;2017-03-28;257;8
1519;2017-05-27;2017-06-04;257;8
1520;2017-03-08;2017-03-22;258;7
1521;2017-05-02;2017-05-16;258;7
1522;2017-07-15;2017-07-29;258;7
1523;2017-08-26;2017-09-09;258;7
1524;2017-11-10;2017-11-24;258;7
1525;2018-02-05;2018-02-19;258;7
1526;2018-04-25;2018-05-09;258;7
1527;2018-06-11;2018-06-25;258;7
1528;2017-01-31;2017-02-08;259;10
1529;2017-03-08;2017-03-16;259;10
1530;2017-04-19;2017-04-27;259;10
1531;2017-07-19;2017-07-27;259;10
1532;2017-08-26;2017-09-03;259;10
1533;2017-10-16;2017-10-24;259;10
1534;2018-01-03;2018-01-11;259;10
1535;2018-03-06;2018-03-14;259;10
1536;2017-03-12;2017-03-26;260;6
1537;2017-05-17;2017-05-31;260;6
1538;2017-08-22;2017-09-05;260;6
1539;2017-12-02;2017-12-16;260;6
1540;2017-03-27;2017-03-30;261;10
1541;2017-05-28;2017-05-31;261;10
1542;2017-07-10;2017-07-13;261;10
1543;2017-08-31;2017-09-03;261;10
1544;2017-11-18;2017-11-21;261;10
1545;2018-01-13;2018-01-16;261;10
1546;2018-03-05;2018-03-08;261;10
1547;2018-05-26;2018-05-29;261;10
1548;2018-07-30;2018-08-02;261;10
1549;2018-09-06;2018-09-09;261;10
1550;2017-03-08;2017-03-20;262;9
1551;2017-05-07;2017-05-19;262;9
1552;2017-07-30;2017-08-11;262;9
1553;2017-10-23;2017-11-04;262;9
1554;2017-03-05;2017-03-12;263;11
1555;2017-04-27;2017-05-04;263;11
1556;2017-06-01;2017-06-08;263;11
1557;2017-07-25;2017-08-01;263;11
1558;2017-09-30;2017-10-07;263;11
1559;2017-11-07;2017-11-14;263;11
1560;2018-01-26;2018-02-02;263;11
1561;2018-04-13;2018-04-20;263;11
1562;2018-07-04;2018-07-11;263;11
1563;2018-10-04;2018-10-11;263;11
1564;2017-02-16;2017-02-18;264;11
1565;2017-03-14;2017-03-16;264;11
1566;2017-06-05;2017-06-07;264;11
1567;2017-03-06;2017-03-10;265;12
1568;2017-05-27;2017-05-31;265;12
1569;2017-03-26;2017-04-05;266;11
1570;2017-06-30;2017-07-10;266;11
1571;2017-09-16;2017-09-26;266;11
1572;2017-12-14;2017-12-24;266;11
1573;2017-01-25;2017-02-08;267;10
1574;2017-05-07;2017-05-21;267;10
1575;2017-08-13;2017-08-27;267;10
1576;2017-10-14;2017-10-28;267;10
1577;2018-01-10;2018-01-24;267;10
1578;2017-03-10;2017-03-12;268;9
1579;2017-05-06;2017-05-08;268;9
1580;2017-07-21;2017-07-23;268;9
1581;2017-09-05;2017-09-07;268;9
1582;2017-11-12;2017-11-14;268;9
1583;2017-12-23;2017-12-25;268;9
1584;2018-02-19;2018-02-21;268;9
1585;2018-03-24;2018-03-26;268;9
1586;2017-02-08;2017-02-18;269;11
1587;2017-03-26;2017-04-05;269;11
1588;2017-06-22;2017-07-02;269;11
1589;2017-08-21;2017-08-31;269;11
1590;2017-11-07;2017-11-17;269;11
1591;2018-01-14;2018-01-24;269;11
1592;2018-03-24;2018-04-03;269;11
1593;2017-02-22;2017-02-25;270;11
1594;2017-04-17;2017-04-20;270;11
1595;2017-06-24;2017-06-27;270;11
1596;2017-08-01;2017-08-04;270;11
1597;2017-10-21;2017-10-24;270;11
1598;2017-03-31;2017-04-03;271;9
1599;2017-04-29;2017-05-02;271;9
1600;2017-06-16;2017-06-19;271;9
1601;2017-03-14;2017-03-21;272;11
1602;2017-02-14;2017-02-21;273;7
1603;2017-04-17;2017-04-24;273;7
1604;2017-07-18;2017-07-25;273;7
1605;2017-09-16;2017-09-23;273;7
1606;2017-11-12;2017-11-19;273;7
1607;2017-12-18;2017-12-25;273;7
1608;2018-03-20;2018-03-27;273;7
1609;2017-02-26;2017-03-07;274;10
1610;2017-05-21;2017-05-30;274;10
1611;2017-08-04;2017-08-13;274;10
1612;2017-09-10;2017-09-19;274;10
1613;2017-11-25;2017-12-04;274;10
1614;2018-02-15;2018-02-24;274;10
1615;2018-03-21;2018-03-30;274;10
1616;2018-05-30;2018-06-08;274;10
1617;2017-01-23;2017-01-30;275;7
1618;2017-03-21;2017-03-28;275;7
1619;2017-04-28;2017-05-05;275;7
1620;2017-06-28;2017-07-05;275;7
1621;2017-09-20;2017-09-27;275;7
1622;2017-11-02;2017-11-09;275;7
1623;2017-03-12;2017-03-18;276;10
1624;2017-06-09;2017-06-15;276;10
1625;2017-09-13;2017-09-19;276;10
1626;2017-12-03;2017-12-09;276;10
1627;2018-02-26;2018-03-04;276;10
1628;2018-04-14;2018-04-20;276;10
1629;2018-07-10;2018-07-16;276;10
1630;2018-09-30;2018-10-06;276;10
1631;2017-02-05;2017-02-10;277;12
1632;2017-03-05;2017-03-10;277;12
1633;2017-05-06;2017-05-11;277;12
1634;2017-06-12;2017-06-17;277;12
1635;2017-08-14;2017-08-19;277;12
1636;2017-09-20;2017-09-25;277;12
1637;2017-01-23;2017-02-06;278;11
1638;2017-03-13;2017-03-27;278;11
1639;2017-06-14;2017-06-28;278;11
1640;2017-09-25;2017-10-09;278;11
1641;2017-12-20;2018-01-03;278;11
1642;2018-03-08;2018-03-22;278;11
1643;2018-05-07;2018-05-21;278;11
1644;2018-07-08;2018-07-22;278;11
1645;2017-02-04;2017-02-11;279;6
1646;2017-03-28;2017-04-04;279;6
1647;2017-06-08;2017-06-15;279;6
1648;2017-08-08;2017-08-15;279;6
1649;2017-09-20;2017-09-27;279;6
1650;2017-10-25;2017-11-01;279;6
1651;2017-12-18;2017-12-25;279;6
1652;2018-03-02;2018-03-09;279;6
1653;2017-02-12;2017-02-24;280;7
1654;2017-05-20;2017-06-01;280;7
1655;2017-02-15;2017-02-22;281;8
1656;2017-05-12;2017-05-19;281;8
1657;2017-07-27;2017-08-03;281;8
1658;2017-09-25;2017-10-02;281;8
1659;2017-11-05;2017-11-12;281;8
1660;2018-01-17;2018-01-24;281;8
1661;2017-02-12;2017-02-18;282;10
1662;2017-05-10;2017-05-16;282;10
1663;2017-07-05;2017-07-11;282;10
1664;2017-08-05;2017-08-11;282;10
1665;2017-09-17;2017-09-23;282;10
1666;2017-12-18;2017-12-24;282;10
1667;2018-03-02;2018-03-08;282;10
1668;2018-05-21;2018-05-27;282;10
1669;2017-01-27;2017-02-06;283;7
1670;2017-04-02;2017-04-12;283;7
1671;2017-05-19;2017-05-29;283;7
1672;2017-08-17;2017-08-27;283;7
1673;2017-03-26;2017-04-04;284;12
1674;2017-04-30;2017-05-09;284;12
1675;2017-06-21;2017-06-30;284;12
1676;2017-09-07;2017-09-16;284;12
1677;2017-10-12;2017-10-21;284;12
1678;2017-11-24;2017-12-03;284;12
1679;2017-01-26;2017-02-01;285;6
1680;2017-04-13;2017-04-19;285;6
1681;2017-06-02;2017-06-08;285;6
1682;2017-02-28;2017-03-14;286;10
1683;2017-04-04;2017-04-18;286;10
1684;2017-07-11;2017-07-25;286;10
1685;2017-09-16;2017-09-30;286;10
1686;2017-10-27;2017-11-10;286;10
1687;2017-12-15;2017-12-29;286;10
1688;2018-02-18;2018-03-04;286;10
1689;2018-05-26;2018-06-09;286;10
1690;2017-02-12;2017-02-19;287;7
1691;2017-04-18;2017-04-25;287;7
1692;2017-05-20;2017-05-27;287;7
1693;2017-06-29;2017-07-06;287;7
1694;2017-09-15;2017-09-22;287;7
1695;2017-10-23;2017-10-30;287;7
1696;2017-12-05;2017-12-12;287;7
1697;2017-02-03;2017-02-09;288;8
1698;2017-03-03;2017-03-09;288;8
1699;2017-04-18;2017-04-24;288;8
1700;2017-05-22;2017-05-28;288;8
1701;2017-03-27;2017-04-09;289;7
1702;2017-06-19;2017-07-02;289;7
1703;2017-07-26;2017-08-08;289;7
1704;2017-10-17;2017-10-30;289;7
1705;2017-11-22;2017-12-05;289;7
1706;2018-02-12;2018-02-25;289;7
1707;2018-05-06;2018-05-19;289;7
1708;2018-08-17;2018-08-30;289;7
1709;2017-01-27;2017-01-29;290;8
1710;2017-03-05;2017-03-07;290;8
1711;2017-04-30;2017-05-02;290;8
1712;2017-06-24;2017-06-26;290;8
1713;2017-09-22;2017-09-24;290;8
1714;2017-11-11;2017-11-13;290;8
1715;2017-01-29;2017-02-10;291;12
1716;2017-04-04;2017-04-16;291;12
1717;2017-07-13;2017-07-25;291;12
1718;2017-10-15;2017-10-27;291;12
1719;2017-02-16;2017-02-28;292;9
1720;2017-05-01;2017-05-13;292;9
1721;2017-07-16;2017-07-28;292;9
1722;2017-09-06;2017-09-18;292;9
1723;2017-10-20;2017-11-01;292;9
1724;2017-12-07;2017-12-19;292;9
1725;2018-02-08;2018-02-20;292;9
1726;2018-05-16;2018-05-28;292;9
1727;2018-08-03;2018-08-15;292;9
1728;2017-03-18;2017-04-01;293;8
1729;2017-05-16;2017-05-30;293;8
1730;2017-08-26;2017-09-09;293;8
1731;2017-11-25;2017-12-09;293;8
1732;2018-01-30;2018-02-13;293;8
1733;2018-05-06;2018-05-20;293;8
1734;2018-08-02;2018-08-16;293;8
1735;2018-11-10;2018-11-24;293;8
1736;2019-02-12;2019-02-26;293;8
1737;2019-05-14;2019-05-28;293;8
1738;2017-02-08;2017-02-10;294;8
1739;2017-04-13;2017-04-15;294;8
1740;2017-06-30;2017-07-02;294;8
1741;2017-08-09;2017-08-11;294;8
1742;2017-10-17;2017-10-19;294;8
1743;2017-12-25;2017-12-27;294;8
1744;2018-01-18;2018-01-20;294;8
1745;2018-02-25;2018-02-27;294;8
1746;2018-05-27;2018-05-29;294;8
1747;2017-03-05;2017-03-15;295;11
1748;2017-05-27;2017-06-06;295;11
1749;2017-07-09;2017-07-19;295;11
1750;2017-09-08;2017-09-18;295;11
1751;2017-11-04;2017-11-14;295;11
1752;2018-02-03;2018-02-13;295;11
1753;2017-01-25;2017-02-03;296;9
1754;2017-02-27;2017-03-04;297;12
1755;2017-03-29;2017-04-03;297;12
1756;2017-06-04;2017-06-09;297;12
1757;2017-08-25;2017-08-30;297;12
1758;2017-10-24;2017-10-29;297;12
1759;2018-01-01;2018-01-06;297;12
1760;2018-02-03;2018-02-08;297;12
1761;2018-03-17;2018-03-22;297;12
1762;2018-06-14;2018-06-19;297;12
1763;2018-08-08;2018-08-13;297;12
1764;2017-03-07;2017-03-10;298;7
1765;2017-02-23;2017-03-08;299;7
1766;2017-05-15;2017-05-28;299;7
1767;2017-08-13;2017-08-26;299;7
1768;2017-01-25;2017-02-04;300;10
1769;2017-04-09;2017-04-19;300;10
1770;2017-06-10;2017-06-20;300;10
1771;2017-08-19;2017-08-29;300;10
1772;2017-11-05;2017-11-15;300;10
